{"_timestamp":1.73610444159e+09,"_runtime":23.111131276,"_step":0,"train_loss":1.0195417404174805,"grad_norm":0.047502881604592755,"learning_rate":5.748502994011976e-05,"_wandb":{"runtime":23}}