{"_wandb":{"runtime":51},"train_loss":2.5479841232299805,"grad_norm":33.09981322865631,"learning_rate":7.5e-07,"_timestamp":1.7366446589588869e+09,"_runtime":51.458951145,"_step":30}