{"_timestamp":1.7363572553825915e+09,"_runtime":75.178978005,"_step":4,"epoch":2,"_wandb":{"runtime":75},"epoch/train_loss":2.2415,"epoch/val_loss":2.1891}