{"epoch/train_loss":14.6321,"train_loss":117.12046813964844,"learning_rate":0.005,"epoch/val_loss":34.9636,"_wandb":{"runtime":50},"_timestamp":1.736273229790231e+09,"_runtime":50.876252737,"epoch":1,"_step":20,"grad_norm":585.9808199471394}