{"_wandb":{"runtime":34843},"train_loss":0.9706955552101135,"epoch":19,"learning_rate":0.0005,"_runtime":34843.7776637,"grad_norm":0.20520623763708393,"epoch/val_loss":1.0069,"_step":10240,"epoch/train_loss":0.9542,"_timestamp":1.73614645536068e+09}