{"grad_norm":0.5225863161712241,"learning_rate":2.5e-05,"_timestamp":1.7360627891354403e+09,"_runtime":278.996800278,"_step":50,"_wandb":{"runtime":278},"train_loss":2.0368804931640625}