{"_runtime":351.067833852,"epoch":3,"learning_rate":0.0002,"epoch/train_loss":1.9011,"_wandb":{"runtime":351},"_timestamp":1.7362730308433845e+09,"train_loss":1.7574348449707031,"_step":40,"grad_norm":0.4784332064641441,"epoch/val_loss":1.8118}