{"_runtime":109.171747918,"_step":20,"_wandb":{"runtime":109},"train_loss":2.40061354637146,"grad_norm":0.9321242899977263,"learning_rate":1e-05,"_timestamp":1.7360629376523247e+09}