{"_step":10,"train_loss":2.5636491775512695,"grad_norm":1.4044785281219618,"learning_rate":5e-06,"_timestamp":1.7360624298932643e+09,"_runtime":33.172599374,"_wandb":{"runtime":33}}