{"train_loss":1.91196608543396,"grad_norm":1.421791003183087,"_wandb":{"runtime":63},"learning_rate":0.0005,"_timestamp":1.7362767675147154e+09,"_runtime":63.789737713,"_step":150}