{"_runtime":61.53720097,"_step":10,"train_loss":2.508251190185547,"grad_norm":1.0429051102355589,"learning_rate":5e-06,"_timestamp":1.7363601667241101e+09,"_wandb":{"runtime":61}}