{"epoch/val_loss":1.9115,"_wandb":{"runtime":187},"epoch/train_loss":2.0852,"train_loss":1.8688150644302368,"_step":12,"epoch":6,"_timestamp":1.7363562978217008e+09,"_runtime":187.339878394,"grad_norm":2.0688118788726646,"learning_rate":0.0005}