{"learning_rate":0.00038,"_timestamp":1.7360650287046814e+09,"_runtime":1879.595354952,"_step":760,"train_loss":1.4104177951812744,"_wandb":{"runtime":1879},"grad_norm":0.34057365617871227}