{"_wandb":{"runtime":438},"train_loss":2.1266627311706543,"learning_rate":0.005,"_step":220,"grad_norm":1.864955229237461,"epoch":19,"_timestamp":1.7362739748765137e+09,"epoch/val_loss":2.1967,"_runtime":438.960325942,"epoch/train_loss":2.2196}