{"_timestamp":1.7362721920176208e+09,"_runtime":40.148102866,"_step":10,"_wandb":{"runtime":40},"train_loss":2.631084680557251,"grad_norm":1.1016276211325364,"learning_rate":5e-06}