{"grad_norm":57.3674958892934,"learning_rate":1.2500000000000002e-07,"_timestamp":1.736645089365216e+09,"_wandb":{"runtime":67},"_runtime":67.51460788,"_step":50,"train_loss":2.6021242141723633}