{"grad_norm":0.39973860522930565,"learning_rate":0.0005,"_step":280,"epoch/train_loss":1.478,"_wandb":{"runtime":1084},"_runtime":1084.61984148,"epoch/val_loss":1.3755,"train_loss":1.405376672744751,"epoch":9,"_timestamp":1.7362832009312768e+09}