{"grad_norm":2.287112547095161,"learning_rate":0.0005,"_timestamp":1.7362745578776853e+09,"_runtime":16.095889093,"_wandb":{"runtime":16},"_step":10,"train_loss":2.0940945148468018}