{"_step":10,"train_loss":2.6544973850250244,"grad_norm":1.3705768073525422,"learning_rate":5e-05,"_timestamp":1.7362731488236682e+09,"_runtime":22.857020183,"_wandb":{"runtime":22}}