{"_runtime":183.005455044,"_step":220,"train_loss":2.4117226600646973,"_timestamp":1.7362734931131709e+09,"grad_norm":2.158744117153852,"epoch/train_loss":2.2197,"epoch":19,"_wandb":{"runtime":183},"learning_rate":0.005,"epoch/val_loss":2.2032}