{"_runtime":782.167237724,"_step":90,"train_loss":2.127401113510132,"grad_norm":0.5871802125654708,"learning_rate":1.1249999999999999e-05,"_timestamp":1.7363706800054653e+09,"_wandb":{"runtime":782}}