{"learning_rate":3.125e-06,"_timestamp":1.736371561475024e+09,"_runtime":813.801209328,"_step":50,"_wandb":{"runtime":813},"train_loss":2.3600873947143555,"grad_norm":1.0987713863919804}