{"learning_rate":5e-06,"_timestamp":1.7361881145706613e+09,"_runtime":48.307789164,"_step":10,"_wandb":{"runtime":48},"train_loss":2.512014389038086,"grad_norm":1.0586260174311124}