{"grad_norm":1.0018129370135573,"learning_rate":1e-05,"_timestamp":1.736272441174993e+09,"_runtime":133.934345374,"_step":20,"_wandb":{"runtime":133},"train_loss":2.4028258323669434}