{"_timestamp":1.7363688088613727e+09,"_wandb":{"runtime":88},"_runtime":88.592843076,"_step":10,"train_loss":2.517594337463379,"grad_norm":1.1710189681917498,"learning_rate":2.5e-06}