{"_timestamp":1.7361043741145673e+09,"_runtime":76.654002868,"_step":20,"train_loss":1.029296875,"_wandb":{"runtime":76},"grad_norm":0.21747168944894132,"learning_rate":0.0005}