{"epoch/train_loss":2.5152,"learning_rate":1e-05,"grad_norm":0.9876935607158631,"_wandb":{"runtime":156},"epoch/val_loss":2.4545,"_runtime":156.799736892,"_timestamp":1.7362726714934053e+09,"_step":20,"train_loss":2.3453080654144287,"epoch":1}