{"grad_norm":0.4565843432837162,"learning_rate":2.2499999999999998e-05,"_timestamp":1.7363697968310678e+09,"_runtime":597.316560093,"_step":90,"_wandb":{"runtime":597},"train_loss":1.8724076747894287}